1,bs_pr1_1.mod,
2,bs_pr1_2.mod,
3,bs_pr1_3.mod,
4,bs_pr1_4.mod,
5,bs_pr1_5.mod,
6,bs_pr1_6.mod,
7,bs_pr1_7.mod,
8,bs_pr1_8.mod,
10,bs_pr1_10.mod,
12,bs_pr1_12.mod,
9,bs_pr1_9.mod,
11,bs_pr1_11.mod,
13,bs_pr1_13.mod,
14,bs_pr1_14.mod,
16,bs_pr1_16.mod,
15,bs_pr1_15.mod,
17,bs_pr1_17.mod,
18,bs_pr1_18.mod,
19,bs_pr1_19.mod,
20,bs_pr1_20.mod,
21,bs_pr1_21.mod,
22,bs_pr1_22.mod,
23,bs_pr1_23.mod,
24,bs_pr1_24.mod,
25,bs_pr1_25.mod,
26,bs_pr1_26.mod,
27,bs_pr1_27.mod,
28,bs_pr1_28.mod,
29,bs_pr1_29.mod,
30,bs_pr1_30.mod,
31,bs_pr1_31.mod,
32,bs_pr1_32.mod,
33,bs_pr1_33.mod,
34,bs_pr1_34.mod,
35,bs_pr1_35.mod,
36,bs_pr1_36.mod,
37,bs_pr1_37.mod,
38,bs_pr1_38.mod,
39,bs_pr1_39.mod,
40,bs_pr1_40.mod,
41,bs_pr1_41.mod,
42,bs_pr1_42.mod,
43,bs_pr1_43.mod,
44,bs_pr1_44.mod,
45,bs_pr1_45.mod,
46,bs_pr1_46.mod,
47,bs_pr1_47.mod,
48,bs_pr1_48.mod,
49,bs_pr1_49.mod,
50,bs_pr1_50.mod,
